domain,ad
adultdating-plan1.com,1
amorebig.space,1
amournow.space,1
best-dating-girls3.com,1
best-dating-there2.com,1
best-dating-you1.com,1
best-datings-here.com,1
best-datings-here1.com,1
best-profitmethods.com,1
bestbigprizes1.life,1
besthot-ladyhere.com,1
bestprize-places-here.life,1
bestprizes4u1.life,1
bestprizesinside1.life,1
big-prizes-place7.life,1
bigprize-4you1.life,1
claim-your-prizes-here.life,1
date-contacts-store.com,1
dating-clubs19.com,1
dating-future19.com,1
dating-hearts-today1.com,1
dating-scan1.com,1
dating-superlabs.com,1
dating-tables-clubs1.com,1
dating-tables-today1.com,1
dating4-hearts-now1.com,1
datingchoice4.com,1
datings-for4you1.com,1
dirty-fantasy-here3.com,1
first-vip-flirt-book1.com,1
flirt-dating-girls1.com,1
flirt-ladyhere.com,1
flirtgirlsexx3.com,1
free-sex-tonight2.com,1
get-best-women1.com,1
get-great-prizesnow7.life,1
get-prizes-online1.life,1
get-your-lady-here.com,1
getdatinglives1.com,1
goodzone-forprize.life,1
great-hookuponline2.com,1
great-prize-area1.life,1
here-is-your-prize3.life,1
hook2up8.com,1
hookups11.com,1
hookupsearch3.com,1
hot-datinghere3.com,1
hot-viplady-here.com,1
hotdatings-foryou.com,1
localchicks-here.com,1
loveplus.space,1
meet-me-nowhere2.com,1
megabonus-point5.life,1
menandpowerpills3.com,1
morelovemessenger.space,1
myprofitmethods32.com,1
new-dating-today1.com,1
new-datings-realy1.com,1
new-male-power1.com,1
powers4-men1.com,1
prize-foryou2.life,1
prizesplace.life,1
real-best-girls3.com,1
rejoice-andwin1.life,1
take-yourprize-here.life,1
takeprizes-now.life,1
the-best-profimethods.com,1
thebest-dating-here.com,1
winprizes-now.life,1
winyour-bonus2.com,1
you-now-winners1.life,1
youget-prizes-here.life,1
your-best-prize-boxes.life,1
your-dating-space2.com,1
your-dream-girls2.com,1
your-prize-now1.life,1
your-prizes1.life,1
your-realgrand-prize2.life,1
your-sex-thirst2.com,1
your-sexualpattern1.com,1
yourbig-prizenow2.life,1
yourhot-casualdating1.com,1
yourmainstream-zone1.life,1
yoursexual-desire5.com,1
